-- MySQL dump 10.13  Distrib 5.7.24, for Linux (x86_64)
--
-- Host: localhost    Database: test
-- ------------------------------------------------------
-- Server version	5.7.24-0ubuntu0.18.04.1

/*!40101 SET @OLD_CHARACTER_SET_CLIENT=@@CHARACTER_SET_CLIENT */;
/*!40101 SET @OLD_CHARACTER_SET_RESULTS=@@CHARACTER_SET_RESULTS */;
/*!40101 SET @OLD_COLLATION_CONNECTION=@@COLLATION_CONNECTION */;
/*!40101 SET NAMES utf8 */;
/*!40103 SET @OLD_TIME_ZONE=@@TIME_ZONE */;
/*!40103 SET TIME_ZONE='+00:00' */;
/*!40014 SET @OLD_UNIQUE_CHECKS=@@UNIQUE_CHECKS, UNIQUE_CHECKS=0 */;
/*!40014 SET @OLD_FOREIGN_KEY_CHECKS=@@FOREIGN_KEY_CHECKS, FOREIGN_KEY_CHECKS=0 */;
/*!40101 SET @OLD_SQL_MODE=@@SQL_MODE, SQL_MODE='NO_AUTO_VALUE_ON_ZERO' */;
/*!40111 SET @OLD_SQL_NOTES=@@SQL_NOTES, SQL_NOTES=0 */;

--
-- Table structure for table `course`
--

DROP TABLE IF EXISTS `course`;
/*!40101 SET @saved_cs_client     = @@character_set_client */;
/*!40101 SET character_set_client = utf8 */;
CREATE TABLE `course` (
  `id` varchar(5) NOT NULL,
  `name` varchar(128) NOT NULL,
  `dept_id` int(11) NOT NULL,
  PRIMARY KEY (`id`),
  KEY `dept_id` (`dept_id`),
  CONSTRAINT `course_ibfk_1` FOREIGN KEY (`dept_id`) REFERENCES `department` (`id`)
) ENGINE=InnoDB DEFAULT CHARSET=latin1;
/*!40101 SET character_set_client = @saved_cs_client */;

--
-- Dumping data for table `course`
--

LOCK TABLES `course` WRITE;
/*!40000 ALTER TABLE `course` DISABLE KEYS */;
INSERT INTO `course` VALUES ('CS204','Design and Analysis of Algorithms',1),('CS344','Databases',1),('CS345','Databases Lab',1),('EE101','Electrical Science',3);
/*!40000 ALTER TABLE `course` ENABLE KEYS */;
UNLOCK TABLES;

--
-- Table structure for table `course_module`
--

DROP TABLE IF EXISTS `course_module`;
/*!40101 SET @saved_cs_client     = @@character_set_client */;
/*!40101 SET character_set_client = utf8 */;
CREATE TABLE `course_module` (
  `course_id` char(5) NOT NULL,
  `module_id` int(11) NOT NULL,
  PRIMARY KEY (`course_id`,`module_id`),
  KEY `module_id` (`module_id`),
  CONSTRAINT `course_module_ibfk_1` FOREIGN KEY (`course_id`) REFERENCES `course` (`id`),
  CONSTRAINT `course_module_ibfk_2` FOREIGN KEY (`module_id`) REFERENCES `module` (`id`)
) ENGINE=InnoDB DEFAULT CHARSET=latin1;
/*!40101 SET character_set_client = @saved_cs_client */;

--
-- Dumping data for table `course_module`
--

LOCK TABLES `course_module` WRITE;
/*!40000 ALTER TABLE `course_module` DISABLE KEYS */;
INSERT INTO `course_module` VALUES ('CS344',1),('CS344',4),('CS345',4);
/*!40000 ALTER TABLE `course_module` ENABLE KEYS */;
UNLOCK TABLES;

--
-- Table structure for table `department`
--

DROP TABLE IF EXISTS `department`;
/*!40101 SET @saved_cs_client     = @@character_set_client */;
/*!40101 SET character_set_client = utf8 */;
CREATE TABLE `department` (
  `id` int(11) NOT NULL,
  `name` varchar(128) NOT NULL,
  PRIMARY KEY (`id`)
) ENGINE=InnoDB DEFAULT CHARSET=latin1;
/*!40101 SET character_set_client = @saved_cs_client */;

--
-- Dumping data for table `department`
--

LOCK TABLES `department` WRITE;
/*!40000 ALTER TABLE `department` DISABLE KEYS */;
INSERT INTO `department` VALUES (1,'CSE'),(2,'MnC'),(3,'ECE');
/*!40000 ALTER TABLE `department` ENABLE KEYS */;
UNLOCK TABLES;

--
-- Table structure for table `lecturer`
--

DROP TABLE IF EXISTS `lecturer`;
/*!40101 SET @saved_cs_client     = @@character_set_client */;
/*!40101 SET character_set_client = utf8 */;
CREATE TABLE `lecturer` (
  `id` int(11) NOT NULL,
  `name` varchar(128) NOT NULL,
  `dept_id` int(11) NOT NULL,
  PRIMARY KEY (`id`),
  KEY `dept_id` (`dept_id`),
  CONSTRAINT `lecturer_ibfk_1` FOREIGN KEY (`dept_id`) REFERENCES `department` (`id`)
) ENGINE=InnoDB DEFAULT CHARSET=latin1;
/*!40101 SET character_set_client = @saved_cs_client */;

--
-- Dumping data for table `lecturer`
--

LOCK TABLES `lecturer` WRITE;
/*!40000 ALTER TABLE `lecturer` DISABLE KEYS */;
INSERT INTO `lecturer` VALUES (1,'Dr. Inkulu',1),(2,'Dr. Karfa',1),(3,'Dr. Tony Jacob',3);
/*!40000 ALTER TABLE `lecturer` ENABLE KEYS */;
UNLOCK TABLES;

--
-- Table structure for table `lecturer_student`
--

DROP TABLE IF EXISTS `lecturer_student`;
/*!40101 SET @saved_cs_client     = @@character_set_client */;
/*!40101 SET character_set_client = utf8 */;
CREATE TABLE `lecturer_student` (
  `lecturer_id` int(11) NOT NULL,
  `student_id` int(11) NOT NULL,
  PRIMARY KEY (`lecturer_id`,`student_id`),
  KEY `student_id` (`student_id`),
  CONSTRAINT `lecturer_student_ibfk_1` FOREIGN KEY (`lecturer_id`) REFERENCES `lecturer` (`id`),
  CONSTRAINT `lecturer_student_ibfk_2` FOREIGN KEY (`student_id`) REFERENCES `student` (`id`)
) ENGINE=InnoDB DEFAULT CHARSET=latin1;
/*!40101 SET character_set_client = @saved_cs_client */;

--
-- Dumping data for table `lecturer_student`
--

LOCK TABLES `lecturer_student` WRITE;
/*!40000 ALTER TABLE `lecturer_student` DISABLE KEYS */;
INSERT INTO `lecturer_student` VALUES (1,1),(1,2),(3,2),(1,3);
/*!40000 ALTER TABLE `lecturer_student` ENABLE KEYS */;
UNLOCK TABLES;

--
-- Table structure for table `module`
--

DROP TABLE IF EXISTS `module`;
/*!40101 SET @saved_cs_client     = @@character_set_client */;
/*!40101 SET character_set_client = utf8 */;
CREATE TABLE `module` (
  `id` int(11) NOT NULL,
  `name` varchar(128) NOT NULL,
  `prof_id` int(11) NOT NULL,
  PRIMARY KEY (`id`),
  KEY `prof_id` (`prof_id`),
  CONSTRAINT `module_ibfk_1` FOREIGN KEY (`prof_id`) REFERENCES `lecturer` (`id`)
) ENGINE=InnoDB DEFAULT CHARSET=latin1;
/*!40101 SET character_set_client = @saved_cs_client */;

--
-- Dumping data for table `module`
--

LOCK TABLES `module` WRITE;
/*!40000 ALTER TABLE `module` DISABLE KEYS */;
INSERT INTO `module` VALUES (1,'SQL',1),(2,'DP',1),(3,'boolean',3),(4,'RDBMS',1);
/*!40000 ALTER TABLE `module` ENABLE KEYS */;
UNLOCK TABLES;

--
-- Table structure for table `student`
--

DROP TABLE IF EXISTS `student`;
/*!40101 SET @saved_cs_client     = @@character_set_client */;
/*!40101 SET character_set_client = utf8 */;
CREATE TABLE `student` (
  `id` int(11) NOT NULL,
  `name` varchar(128) NOT NULL,
  `email` varchar(128) DEFAULT 'abc@iitg.ac.in',
  `gender` char(1) DEFAULT NULL,
  PRIMARY KEY (`id`)
) ENGINE=InnoDB DEFAULT CHARSET=latin1;
/*!40101 SET character_set_client = @saved_cs_client */;

--
-- Dumping data for table `student`
--

LOCK TABLES `student` WRITE;
/*!40000 ALTER TABLE `student` DISABLE KEYS */;
INSERT INTO `student` VALUES (1,'Nitin Kedia','abc@iitg.ac.in',NULL),(2,'Sahib Khan','abc@iitg.ac.in',NULL),(3,'Pant Rohit Rakesh','abc@iitg.ac.in',NULL);
/*!40000 ALTER TABLE `student` ENABLE KEYS */;
UNLOCK TABLES;

--
-- Table structure for table `student_course`
--

DROP TABLE IF EXISTS `student_course`;
/*!40101 SET @saved_cs_client     = @@character_set_client */;
/*!40101 SET character_set_client = utf8 */;
CREATE TABLE `student_course` (
  `student_id` int(11) NOT NULL,
  `course_id` char(5) NOT NULL,
  PRIMARY KEY (`student_id`,`course_id`),
  KEY `course_id` (`course_id`),
  CONSTRAINT `student_course_ibfk_1` FOREIGN KEY (`student_id`) REFERENCES `student` (`id`),
  CONSTRAINT `student_course_ibfk_2` FOREIGN KEY (`course_id`) REFERENCES `course` (`id`)
) ENGINE=InnoDB DEFAULT CHARSET=latin1;
/*!40101 SET character_set_client = @saved_cs_client */;

--
-- Dumping data for table `student_course`
--

LOCK TABLES `student_course` WRITE;
/*!40000 ALTER TABLE `student_course` DISABLE KEYS */;
INSERT INTO `student_course` VALUES (1,'CS344'),(2,'CS344'),(1,'CS345'),(2,'CS345');
/*!40000 ALTER TABLE `student_course` ENABLE KEYS */;
UNLOCK TABLES;

--
-- Table structure for table `student_module`
--

DROP TABLE IF EXISTS `student_module`;
/*!40101 SET @saved_cs_client     = @@character_set_client */;
/*!40101 SET character_set_client = utf8 */;
CREATE TABLE `student_module` (
  `student_id` int(11) NOT NULL,
  `module_id` int(11) NOT NULL,
  PRIMARY KEY (`student_id`,`module_id`),
  KEY `module_id` (`module_id`),
  CONSTRAINT `student_module_ibfk_1` FOREIGN KEY (`student_id`) REFERENCES `student` (`id`),
  CONSTRAINT `student_module_ibfk_2` FOREIGN KEY (`module_id`) REFERENCES `module` (`id`)
) ENGINE=InnoDB DEFAULT CHARSET=latin1;
/*!40101 SET character_set_client = @saved_cs_client */;

--
-- Dumping data for table `student_module`
--

LOCK TABLES `student_module` WRITE;
/*!40000 ALTER TABLE `student_module` DISABLE KEYS */;
INSERT INTO `student_module` VALUES (1,1),(2,1),(1,2),(2,2);
/*!40000 ALTER TABLE `student_module` ENABLE KEYS */;
UNLOCK TABLES;
/*!40103 SET TIME_ZONE=@OLD_TIME_ZONE */;

/*!40101 SET SQL_MODE=@OLD_SQL_MODE */;
/*!40014 SET FOREIGN_KEY_CHECKS=@OLD_FOREIGN_KEY_CHECKS */;
/*!40014 SET UNIQUE_CHECKS=@OLD_UNIQUE_CHECKS */;
/*!40101 SET CHARACTER_SET_CLIENT=@OLD_CHARACTER_SET_CLIENT */;
/*!40101 SET CHARACTER_SET_RESULTS=@OLD_CHARACTER_SET_RESULTS */;
/*!40101 SET COLLATION_CONNECTION=@OLD_COLLATION_CONNECTION */;
/*!40111 SET SQL_NOTES=@OLD_SQL_NOTES */;

-- Dump completed on 2019-01-24 18:50:33
